{
   "abstract" : "Perl extension for terminal interface interacting with SG Main PHP Framework & MySql Database).",
   "author" : [
      "0x000001 <ads@ipool.remotewebaccess.com>"
   ],
   "dynamic_config" : 1,
   "generated_by" : "Module::Build version 0.4, CPAN::Meta::Converter version 2.120921",
   "license" : [
      "perl_5"
   ],
   "meta-spec" : {
      "url" : "http://search.cpan.org/perldoc?CPAN::Meta::Spec",
      "version" : "2"
   },
   "name" : "cworld-crane_nature2015",
   "prereqs" : {
      "configure" : {
         "requires" : {
            "Module::Build" : "0.4"
         }
      },
      "runtime" : {
         "requires" : {
            "perl" : "v5.6.1"
         }
      }
   },
   "release_status" : "stable",
   "resources" : {
      "license" : [
         "http://dev.perl.org/licenses/"
      ]
   },
   "version" : "0.01"
}
