{
   "abstract" : "Perl extension for interfacing with my5C (3C/5C/HiC Data analysis).",
   "author" : [
      "Bryan R. Lajoie <bryan.lajoie@umassmed.edu>"
   ],
   "dynamic_config" : 0,
   "generated_by" : "Module::Build version 0.4224",
   "license" : [
      "perl_5"
   ],
   "meta-spec" : {
      "url" : "http://search.cpan.org/perldoc?CPAN::Meta::Spec",
      "version" : 2
   },
   "name" : "cworld-crane_nature2015",
   "prereqs" : {
      "runtime" : {
         "requires" : {
            "perl" : "v5.6.1"
         }
      }
   },
   "release_status" : "stable",
   "resources" : {
      "license" : [
         "http://dev.perl.org/licenses/"
      ]
   },
   "version" : "0.01",
   "x_serialization_backend" : "JSON::PP version 2.97001"
}
